node,chain,resname,resid,degree,degree_centrality,eigenvector_centrality,betweenness_centrality_approx,closeness_centrality,community
7422,I,PRO,173,18,0.0014350633819660368,0.15574070200318701,0.0035894021411542396,0.04235654056171466,17
7169,H,GLN,840,17,0.0013553376385234792,0.15090991966753264,0.0015995346280521822,0.04277033662502046,17
7168,H,GLY,839,17,0.0013553376385234792,0.14383727060743598,0.00021285405897130755,0.04286197575836275,17
7421,I,ALA,172,18,0.0014350633819660368,0.13736704488110196,0.0013387887158172334,0.04118048761269395,17
7470,I,GLY,221,17,0.0013553376385234792,0.12543162041811373,0.0032797364048846064,0.041073685727197114,17
7420,I,GLN,171,17,0.0013553376385234792,0.12541905919416346,0.0007944859922718762,0.041327297169065316,17
7453,I,PRO,204,15,0.001195886151638364,0.12430505961429743,0.0004646785424535679,0.041592885139571434,17
7155,H,SER,826,17,0.0013553376385234792,0.12425472669024776,0.00046265318812830535,0.042868274810830026,17
7167,H,GLU,838,17,0.0013553376385234792,0.12331436537834513,0.004961511840114456,0.044098723763316104,17
7156,H,GLY,827,16,0.0012756118950809216,0.12313631654187854,0.00029752968314123953,0.04300186845398289,17
7455,I,ILE,206,14,0.0011161604081958063,0.11717309156771533,0.0012835095911080923,0.042643973984558006,17
5871,G,ASN,456,14,0.0011161604081958063,0.1163942887458668,0.0013149761529518565,0.042821442471169015,17
7170,H,ALA,841,16,0.0012756118950809216,0.11570913871899292,0.0006619914881418819,0.04211689175122728,17
7456,I,GLY,207,13,0.0010364346647532487,0.11150160582770746,0.00013349702544196673,0.04241340132281931,17
7469,I,ALA,220,17,0.0013553376385234792,0.11095745472884648,0.0022192995948898428,0.04079170311783511,17
7423,I,TYR,174,14,0.0011161604081958063,0.11047363734492402,0.001231719088677364,0.04196302516510207,17
5870,G,GLY,455,14,0.0011161604081958063,0.10916451267006122,0.0003562365841758252,0.04219538451187513,17
7454,I,GLN,205,14,0.0011161604081958063,0.10614787838939506,0.0005070138369417288,0.04303240724857451,17
6514,H,PRO,173,19,0.0015147891254085944,0.10314429668298294,0.0010073946139172603,0.04775175028838357,16
6255,G,GLN,840,17,0.0013553376385234792,0.09636229005532301,0.00036130264050468594,0.047991827270744615,16
