node,chain,resname,resid,degree,degree_centrality,eigenvector_centrality,betweenness_centrality_approx,closeness_centrality,community
796,A,GLY,839,20,0.001594514868851152,0.07024120127751805,0.002533340064983176,0.04434850863422292,2
9604,K,LEU,543,19,0.0015147891254085944,0.00013616737582337567,0.004585771552700725,0.0658421740568291,21
1051,B,ALA,172,19,0.0015147891254085944,0.06052863300006143,0.002738949735114218,0.04253594682582745,2
2868,D,ALA,172,19,0.0015147891254085944,0.0015905867703611884,0.0015663984672129995,0.0477766689266914,12
10517,L,LEU,543,19,0.0015147891254085944,0.000124459160985822,0.0009232540686232345,0.05407211339495103,23
2619,C,GLY,839,19,0.0015147891254085944,0.012275423180130335,0.0011894108238069715,0.047440023903448224,0
6872,H,LEU,543,19,0.0015147891254085944,0.0036458464986126216,0.0010866339314711227,0.05185929398923371,16
142,A,PRO,173,19,0.0015147891254085944,0.011746845031062162,0.0024487616110296347,0.04617253501684122,0
3780,E,PRO,173,19,0.0015147891254085944,0.0018290465685402923,0.0006892165294731527,0.049110813541005945,9
10159,L,PRO,173,19,0.0015147891254085944,0.0032336363317059026,0.0024442952621064567,0.051645338208409504,23
6514,H,PRO,173,19,0.0015147891254085944,0.10314429668298294,0.0010073946139172603,0.04775175028838357,16
1669,B,SER,802,18,0.0014350633819660368,0.000546054077281068,0.0013119732920085507,0.05417604298493022,4
4138,E,LEU,543,18,0.0014350633819660368,5.7235347490158945e-05,0.00305029328002839,0.06122120265521281,9
5048,F,LEU,543,18,0.0014350633819660368,4.183722157692655e-05,0.005078049012610101,0.06237474576186901,7
1965,C,PRO,173,18,0.0014350633819660368,0.01036550005363755,0.0007328431418161621,0.044860354576700366,4
4421,E,SER,826,18,0.0014350633819660368,0.0008992438882097543,0.005183802742898876,0.056341381246490733,11
11217,M,ALA,409,18,0.0014350633819660368,9.38332651584547e-10,3.0400383075162053e-05,0.031504626606251196,25
2012,C,ALA,220,18,0.0014350633819660368,0.007387970479792145,0.00032334029271949706,0.04299110906984556,4
10776,L,SER,802,18,0.0014350633819660368,0.00040560667118231814,0.002258483842030453,0.05663802329099291,20
8694,J,LEU,543,18,0.0014350633819660368,0.00027181513531818934,0.003058734480337907,0.06161456388894347,20
