cutoff,nodes,edges,avg_degree,max_degree,num_communities,modularity,time_seconds
6.0,12544,32669,5.208705357142857,11,56,0.947294803218715,2.6288490295410156
7.0,12544,51510,8.212691326530612,15,41,0.917546214966147,2.586989641189575
8.0,12544,66809,10.651945153061224,20,32,0.8977235524052898,3.038217782974243
9.0,12544,91484,14.58609693877551,26,27,0.8807300754509266,3.8510189056396484
10.0,12544,127749,20.36814413265306,36,25,0.8646431237596962,5.485753297805786
