node,chain,resname,resid,degree,degree_centrality,eigenvector_centrality,betweenness_centrality_approx,closeness_centrality,community
2127,C,ASN,344,14,0.0011161604081958063,1.0768801944109235e-05,0.05140627596613301,0.06488306770744424,22
9761,K,THR,700,12,0.0009567089213106912,3.331882566149577e-05,0.040206964220081125,0.06461101009112404,21
2121,C,TYR,338,13,0.0010364346647532487,2.642088939830524e-05,0.04013147162874445,0.0633737703427125,4
4292,E,PRO,697,6,0.0004783544606553456,2.4855481439088765e-06,0.036648845611853866,0.061495543374876206,9
2529,C,VAL,749,5,0.000398628717212788,6.181881922295998e-06,0.036482441023106944,0.0613271662282546,0
4295,E,THR,700,12,0.0009567089213106912,1.5513205289572914e-05,0.03476647597285079,0.06250249152880208,9
12080,Q,ALA,68,7,0.0005580802040979032,0.0005645853736736266,0.034711756721424875,0.05537626100969074,14
2118,C,GLY,335,10,0.000797257434425576,8.275191195174798e-05,0.032598359290064716,0.0613475628246388,4
6115,G,THR,700,12,0.0009567089213106912,0.0004622654436279858,0.028762626448462083,0.06076917114009418,19
10051,L,SER,40,9,0.0007175316909830184,1.053986024894293e-07,0.02868090076612066,0.06567015706806283,22
10054,L,ASN,43,8,0.0006378059475404608,2.758871062187157e-07,0.028561586947184633,0.06613657574623127,22
9649,K,ASP,588,10,0.000797257434425576,2.1114753734723336e-05,0.02854239428577225,0.06658845014493062,21
6584,H,GLU,243,10,0.000797257434425576,0.004713941421791502,0.027334507320427873,0.05362960809296996,16
9016,J,LEU,865,13,0.0010364346647532487,3.476701234358698e-05,0.02617080109720363,0.0671635797015309,21
9758,K,PRO,697,8,0.0006378059475404608,6.9214472538497355e-06,0.026148794233884155,0.0643319844286132,22
6072,G,PRO,657,12,0.0009567089213106912,2.3159546632297403e-05,0.02577812036007445,0.06517977312055374,14
2527,C,ARG,747,11,0.0008769831778681335,4.002838698936264e-05,0.025157896116322707,0.06234405288533227,0
12093,Q,PHE,81,9,0.0007175316909830184,4.438913897665071e-06,0.024869378624882754,0.06390197926484449,14
2540,C,ASN,760,13,0.0010364346647532487,0.00013119374596315118,0.024641828611151884,0.06075180540823295,0
6940,H,ASP,611,9,0.0007175316909830184,0.0002577880236650614,0.024185065390001734,0.05550712259537728,15
