node,chain,resname,resid,degree,degree_centrality,eigenvector_centrality,betweenness_centrality_approx,closeness_centrality,community
796,A,GLY,839,20,0.001594514868851152,0.07024120127751804,0.0025335420374032495,0.04434850863422292,2
9604,K,LEU,543,19,0.0015147891254085944,0.00013616737582337586,0.004586137156747022,0.0658421740568291,21
2619,C,GLY,839,19,0.0015147891254085944,0.012275423180130333,0.0011895056504691581,0.047440023903448224,0
10517,L,LEU,543,19,0.0015147891254085944,0.0001244591609858222,0.0009233276757402418,0.05407211339495103,23
1051,B,ALA,172,19,0.0015147891254085944,0.060528633000061394,0.0027391680999181013,0.04253594682582745,2
142,A,PRO,173,19,0.0015147891254085944,0.011746845031062162,0.0024489568403695872,0.04617253501684122,0
6872,H,LEU,543,19,0.0015147891254085944,0.003645846498612622,0.001086720564169159,0.05185929398923371,16
3780,E,PRO,173,19,0.0015147891254085944,0.0018290465685402934,0.0006892714777733577,0.049110813541005945,9
2868,D,ALA,172,19,0.0015147891254085944,0.0015905867703611884,0.0015665233494953253,0.0477766689266914,12
10159,L,PRO,173,19,0.0015147891254085944,0.0032336363317059073,0.002444490135363421,0.051645338208409504,23
6514,H,PRO,173,19,0.0015147891254085944,0.10314429668298301,0.0010074749292017947,0.04775175028838357,16
1706,B,GLY,839,18,0.0014350633819660368,0.010624005450571275,0.0008629666586082443,0.04653242022006722,4
6254,G,GLY,839,18,0.0014350633819660368,0.09428249057061354,0.0028913938884291,0.0496986698681755,16
2012,C,ALA,220,18,0.0014350633819660368,0.007387970479792141,0.000323366071264719,0.04299110906984556,4
8335,J,ALA,172,18,0.0014350633819660368,0.007602551703287143,0.0010735701214141995,0.04904092021613506,20
4138,E,LEU,543,18,0.0014350633819660368,5.723534749015895e-05,0.003050536466927858,0.06122120265521281,9
5600,G,PRO,173,18,0.0014350633819660368,0.047466986467551917,0.00032372486704742404,0.044645749167986616,13
5344,F,GLY,839,18,0.0014350633819660368,0.001560178115541052,0.0014067715532091604,0.05007945317054084,12
8336,J,PRO,173,18,0.0014350633819660368,0.008364393666114515,0.0004680217387062917,0.04948221788271495,20
9246,K,PRO,173,18,0.0014350633819660368,0.0022659103361262313,0.0018206559614034482,0.054647403779963924,21
